Link, Title, Company, Experience, Reward 
https://www.wanted.co.kr/wd/315996, Flutter 앱 개발자, 플랙스뉴럴랩스, 경력 2-5년, 합격보상금 100만원 
https://www.wanted.co.kr/wd/270930, IOS 앱 개발자 (Flutter), 퍼스트해빗, 경력 3년 이상, 합격보상금 100만원 
https://www.wanted.co.kr/wd/316115, 모바일 엔지니어(Flutter), 그래픽, 신입-경력 10년, 합격보상금 100만원 
https://www.wanted.co.kr/wd/307646, Flutter/프론트엔드 개발자, 플리더스, 경력 1년, 합격보상금 100만원 
https://www.wanted.co.kr/wd/297266, Full Stack Software Engineer (Global/JP), 리디(RIDI), 경력 5년 이상, 합격보상금 100만원 
https://www.wanted.co.kr/wd/305818, Flutter Developer, 더스윙, 경력 3년 이상, 합격보상금 100만원 
https://www.wanted.co.kr/wd/202044, Senior Site Reliability Engineer, 하이퍼커넥트, 경력 3-20년, 합격보상금 100만원 
https://www.wanted.co.kr/wd/308756, 프론트 개발자 (2-5년), 파프롬지니어스, 경력 2-5년 · 계약직, 합격보상금 20만원 
https://www.wanted.co.kr/wd/315996, Flutter 앱 개발자, 플랙스뉴럴랩스, 경력 2-5년, 합격보상금 100만원 
https://www.wanted.co.kr/wd/270930, IOS 앱 개발자 (Flutter), 퍼스트해빗, 경력 3년 이상, 합격보상금 100만원 
https://www.wanted.co.kr/wd/316115, 모바일 엔지니어(Flutter), 그래픽, 신입-경력 10년, 합격보상금 100만원 
https://www.wanted.co.kr/wd/307646, Flutter/프론트엔드 개발자, 플리더스, 경력 1년, 합격보상금 100만원 
https://www.wanted.co.kr/wd/297266, Full Stack Software Engineer (Global/JP), 리디(RIDI), 경력 5년 이상, 합격보상금 100만원 
https://www.wanted.co.kr/wd/305818, Flutter Developer, 더스윙, 경력 3년 이상, 합격보상금 100만원 
https://www.wanted.co.kr/wd/202044, Senior Site Reliability Engineer, 하이퍼커넥트, 경력 3-20년, 합격보상금 100만원 
https://www.wanted.co.kr/wd/308756, 프론트 개발자 (2-5년), 파프롬지니어스, 경력 2-5년 · 계약직, 합격보상금 20만원 
https://www.wanted.co.kr/wd/311532, Flutter 개발자 (5년 이상), 겟앤쇼, 경력 5년 이상, 합격보상금 100만원 
https://www.wanted.co.kr/wd/302252, Flutter 개발자, 뉴하이퍼, 경력 1년 이상, 합격보상금 100만원 
https://www.wanted.co.kr/wd/313672, Flutter 개발자 (5년이상), 예써, 경력 5년 이상, 합격보상금 100만원 
https://www.wanted.co.kr/wd/262121, 모바일 엔지니어 (Flutter), 엘리스, 경력 5-10년, 합격보상금 100만원 
https://www.wanted.co.kr/wd/284909, Flutter 앱 개발자, 테일크루(Talecrew), 경력 3-10년, 합격보상금 100만원 
https://www.wanted.co.kr/wd/270330, Flutter Web CRM 개발자, 에이치아이티, 경력 1-4년, 합격보상금 100만원 
https://www.wanted.co.kr/wd/168259, [병역특례 현역/보충역] Flutter개발자, 넛지헬스케어(캐시워크), 신입-경력 3년, 합격보상금 100만원 
https://www.wanted.co.kr/wd/316177, 앱(Flutter) 개발자, 중고나라, 경력 3-5년, 합격보상금 100만원 
https://www.wanted.co.kr/wd/312308, Flutter 개발자 (3년 이상), 에이드리븐, 경력 3년 이상, 합격보상금 100만원 
https://www.wanted.co.kr/wd/312755, Flutter 개발자 (LiveConnection 플랫폼), 화컴, 신입-경력 5년, 합격보상금 100만원 
https://www.wanted.co.kr/wd/312089, 앱 개발자 Flutter, 잉글리시에그, 경력 3년 이상, 합격보상금 100만원 
https://www.wanted.co.kr/wd/311405, App개발자(React Native / 플러터 ), 블링스, 경력 3-10년, 합격보상금 100만원 
https://www.wanted.co.kr/wd/303933, 로봇자동화 Flutter 개발자, 엑스와이지, 경력 3-10년, 합격보상금 100만원 
https://www.wanted.co.kr/wd/310852, 플랫폼 파트 - Flutter 개발, 어스얼라이언스, 신입-경력 5년, 합격보상금 100만원 
https://www.wanted.co.kr/wd/310252, Frontend Engineer, 우주탐험가, 경력 2년 이상, 합격보상금 100만원 
https://www.wanted.co.kr/wd/312151, Android 개발자, 더스윙, 경력 3년 이상, 합격보상금 100만원 
https://www.wanted.co.kr/wd/312333, Flutter 엔지니어, 비엠엘테크놀로지, 경력 3-5년, 합격보상금 100만원 
https://www.wanted.co.kr/wd/311617, 풀스택 개발자 (Front-End / Back-End / Mobile App), 114114구인구직, 경력 3년, 합격보상금 100만원 
https://www.wanted.co.kr/wd/269482, 모바일 앱 개발자 (Flutter, iOS, Android), 에임(AIM), 경력 3-10년, 합격보상금 100만원 
https://www.wanted.co.kr/wd/220132, 프론트엔드 / 모바일 (Vue, Flutter) 엔지니어, 드래프티파이, 경력 1-12년, 합격보상금 100만원 
